<?xml version="1.0" encoding="UTF-8" ?>
<!DOCTYPE mapper PUBLIC "-//mybatis.org//DTD Mapper 3.0//EN" "http://mybatis.org/dtd/mybatis-3-mapper.dtd" >
<mapper namespace="com.voice.redpacket.dao.PacketDrawRelationMapper" >
  <resultMap id="BaseResultMap" type="com.voice.redpacket.domain.PacketDrawRelation" >
    <!--
      WARNING - @mbggenerated
      This element is automatically generated by MyBatis Generator, do not modify.
      This element was generated on Thu Jan 18 20:54:46 CST 2018.
    -->
    <id column="id" property="id" jdbcType="VARCHAR" />
    <result column="openId" property="openId" jdbcType="VARCHAR" />
    <result column="packetId" property="packetId" jdbcType="INTEGER" />
    <result column="drawFee" property="drawFee" jdbcType="INTEGER" />
    <result column="drawTime" property="drawTime" jdbcType="TIMESTAMP" />
    <result column="duration" property="duration" jdbcType="BIGINT" />
  </resultMap>
  <sql id="Base_Column_List" >
    <!--
      WARNING - @mbggenerated
      This element is automatically generated by MyBatis Generator, do not modify.
      This element was generated on Thu Jan 18 20:54:46 CST 2018.
    -->
    id, openId, packetId, drawFee, drawTime, duration
  </sql>
  <select id="selectByPrimaryKey" resultMap="BaseResultMap" parameterType="java.lang.String" >
    <!--
      WARNING - @mbggenerated
      This element is automatically generated by MyBatis Generator, do not modify.
      This element was generated on Thu Jan 18 20:54:46 CST 2018.
    -->
    select 
    <include refid="Base_Column_List" />
    from packet_draw_relation
    where id = #{id,jdbcType=VARCHAR}
  </select>
  <delete id="deleteByPrimaryKey" parameterType="java.lang.String" >
    <!--
      WARNING - @mbggenerated
      This element is automatically generated by MyBatis Generator, do not modify.
      This element was generated on Thu Jan 18 20:54:46 CST 2018.
    -->
    delete from packet_draw_relation
    where id = #{id,jdbcType=VARCHAR}
  </delete>
  <insert id="insert" parameterType="com.voice.redpacket.domain.PacketDrawRelation" >
    <!--
      WARNING - @mbggenerated
      This element is automatically generated by MyBatis Generator, do not modify.
      This element was generated on Thu Jan 18 20:54:46 CST 2018.
    -->
    insert into packet_draw_relation (id, openId, packetId, 
      drawFee, drawTime, duration
      )
    values (#{id,jdbcType=VARCHAR}, #{openId,jdbcType=VARCHAR}, #{packetId,jdbcType=INTEGER}, 
      #{drawFee,jdbcType=INTEGER}, #{drawTime,jdbcType=TIMESTAMP}, #{duration,jdbcType=BIGINT}
      )
  </insert>
  <insert id="insertSelective" parameterType="com.voice.redpacket.domain.PacketDrawRelation" >
    <!--
      WARNING - @mbggenerated
      This element is automatically generated by MyBatis Generator, do not modify.
      This element was generated on Thu Jan 18 20:54:46 CST 2018.
    -->
    insert into packet_draw_relation
    <trim prefix="(" suffix=")" suffixOverrides="," >
      <if test="id != null" >
        id,
      </if>
      <if test="openId != null" >
        openId,
      </if>
      <if test="packetId != null" >
        packetId,
      </if>
      <if test="drawFee != null" >
        drawFee,
      </if>
      <if test="drawTime != null" >
        drawTime,
      </if>
      <if test="duration != null" >
        duration,
      </if>
    </trim>
    <trim prefix="values (" suffix=")" suffixOverrides="," >
      <if test="id != null" >
        #{id,jdbcType=VARCHAR},
      </if>
      <if test="openId != null" >
        #{openId,jdbcType=VARCHAR},
      </if>
      <if test="packetId != null" >
        #{packetId,jdbcType=INTEGER},
      </if>
      <if test="drawFee != null" >
        #{drawFee,jdbcType=INTEGER},
      </if>
      <if test="drawTime != null" >
        #{drawTime,jdbcType=TIMESTAMP},
      </if>
      <if test="duration != null" >
        #{duration,jdbcType=BIGINT},
      </if>
    </trim>
  </insert>
  <update id="updateByPrimaryKeySelective" parameterType="com.voice.redpacket.domain.PacketDrawRelation" >
    <!--
      WARNING - @mbggenerated
      This element is automatically generated by MyBatis Generator, do not modify.
      This element was generated on Thu Jan 18 20:54:46 CST 2018.
    -->
    update packet_draw_relation
    <set >
      <if test="openId != null" >
        openId = #{openId,jdbcType=VARCHAR},
      </if>
      <if test="packetId != null" >
        packetId = #{packetId,jdbcType=INTEGER},
      </if>
      <if test="drawFee != null" >
        drawFee = #{drawFee,jdbcType=INTEGER},
      </if>
      <if test="drawTime != null" >
        drawTime = #{drawTime,jdbcType=TIMESTAMP},
      </if>
      <if test="duration != null" >
        duration = #{duration,jdbcType=BIGINT},
      </if>
    </set>
    where id = #{id,jdbcType=VARCHAR}
  </update>
  <update id="updateByPrimaryKey" parameterType="com.voice.redpacket.domain.PacketDrawRelation" >
    <!--
      WARNING - @mbggenerated
      This element is automatically generated by MyBatis Generator, do not modify.
      This element was generated on Thu Jan 18 20:54:46 CST 2018.
    -->
    update packet_draw_relation
    set openId = #{openId,jdbcType=VARCHAR},
      packetId = #{packetId,jdbcType=INTEGER},
      drawFee = #{drawFee,jdbcType=INTEGER},
      drawTime = #{drawTime,jdbcType=TIMESTAMP},
      duration = #{duration,jdbcType=BIGINT}
    where id = #{id,jdbcType=VARCHAR}
  </update>
  <select id="selectByOpenIdAndPacketId" resultMap="BaseResultMap" >
    select
    <include refid="Base_Column_List" />
    from packet_draw_relation
    where openId = #{openId,jdbcType=VARCHAR} AND packetId = #{packetId,jdbcType=INTEGER}
  </select>
  <select id="getDrawList" parameterType="com.voice.redpacket.domain.PacketDrawRelation" resultType="java.util.Map">
    select u.openId,u.nickName,u.photo,u.gender,r.drawFee,r.drawTime,r.id,r.packetId,r.duration
    from packet_draw_relation r INNER JOIN user_info u ON r.openId=u.openId
    <trim prefix="WHERE" suffixOverrides="AND">
      <if test="openId != null">
        r.openId = #{openId,jdbcType=VARCHAR} AND
      </if>
      <if test="packetId != null" >
        r.packetId = #{packetId,jdbcType=INTEGER} AND
      </if>
      <if test="drawFee != null" >
        r.drawFee = #{drawFee,jdbcType=INTEGER} AND
      </if>
      <if test="drawTime != null" >
        r.drawTime = #{drawTime,jdbcType=TIMESTAMP} AND
      </if>
      <if test="duration != null" >
        r.duration = #{duration,jdbcType=BIGINT} AND
      </if>
    </trim>
    order by r.drawTime desc
  </select>
</mapper>