<?xml version="1.0" encoding="UTF-8" ?>
<!DOCTYPE mapper PUBLIC "-//mybatis.org//DTD Mapper 3.0//EN" "http://mybatis.org/dtd/mybatis-3-mapper.dtd" >
<mapper namespace="com.voice.redpacket.dao.UserInfoMapper" >
  <resultMap id="BaseResultMap" type="com.voice.redpacket.domain.UserInfo" >
    <!--
      WARNING - @mbggenerated
      This element is automatically generated by MyBatis Generator, do not modify.
      This element was generated on Wed Jan 10 18:24:02 CST 2018.
    -->
    <id column="openId" property="openId" jdbcType="VARCHAR" />
    <result column="nickName" property="nickName" jdbcType="VARCHAR" />
    <result column="photo" property="photo" jdbcType="VARCHAR" />
    <result column="gender" property="gender" jdbcType="VARCHAR" />
    <result column="city" property="city" jdbcType="VARCHAR" />
    <result column="province" property="province" jdbcType="VARCHAR" />
    <result column="country" property="country" jdbcType="VARCHAR" />
    <result column="unionId" property="unionId" jdbcType="VARCHAR" />
    <result column="amount" property="amount" jdbcType="INTEGER" />
    <result column="createTime" property="createTime" jdbcType="TIMESTAMP" />
    <result column="updatetime" property="updatetime" jdbcType="TIMESTAMP" />
  </resultMap>
  <sql id="Base_Column_List" >
    <!--
      WARNING - @mbggenerated
      This element is automatically generated by MyBatis Generator, do not modify.
      This element was generated on Wed Jan 10 18:24:02 CST 2018.
    -->
    openId, nickName, photo, gender, city, province, country, unionId, amount, createTime, 
    updatetime
  </sql>
  <select id="selectByPrimaryKey" resultMap="BaseResultMap" parameterType="java.lang.String" >
    <!--
      WARNING - @mbggenerated
      This element is automatically generated by MyBatis Generator, do not modify.
      This element was generated on Wed Jan 10 18:24:02 CST 2018.
    -->
    select 
    <include refid="Base_Column_List" />
    from user_info
    where openId = #{openId,jdbcType=VARCHAR}
  </select>
  <delete id="deleteByPrimaryKey" parameterType="java.lang.String" >
    <!--
      WARNING - @mbggenerated
      This element is automatically generated by MyBatis Generator, do not modify.
      This element was generated on Wed Jan 10 18:24:02 CST 2018.
    -->
    delete from user_info
    where openId = #{openId,jdbcType=VARCHAR}
  </delete>
  <insert id="insert" parameterType="com.voice.redpacket.domain.UserInfo" >
    <!--
      WARNING - @mbggenerated
      This element is automatically generated by MyBatis Generator, do not modify.
      This element was generated on Wed Jan 10 18:24:02 CST 2018.
    -->
    insert into user_info (openId, nickName, photo, 
      gender, city, province, 
      country, unionId, amount, 
      createTime, updatetime)
    values (#{openId,jdbcType=VARCHAR}, #{nickName,jdbcType=VARCHAR}, #{photo,jdbcType=VARCHAR}, 
      #{gender,jdbcType=VARCHAR}, #{city,jdbcType=VARCHAR}, #{province,jdbcType=VARCHAR}, 
      #{country,jdbcType=VARCHAR}, #{unionId,jdbcType=VARCHAR}, #{amount,jdbcType=INTEGER}, 
      #{createTime,jdbcType=TIMESTAMP}, #{updatetime,jdbcType=TIMESTAMP})
  </insert>
  <insert id="insertSelective" parameterType="com.voice.redpacket.domain.UserInfo" >
    <!--
      WARNING - @mbggenerated
      This element is automatically generated by MyBatis Generator, do not modify.
      This element was generated on Wed Jan 10 18:24:02 CST 2018.
    -->
    insert into user_info
    <trim prefix="(" suffix=")" suffixOverrides="," >
      <if test="openId != null" >
        openId,
      </if>
      <if test="nickName != null" >
        nickName,
      </if>
      <if test="photo != null" >
        photo,
      </if>
      <if test="gender != null" >
        gender,
      </if>
      <if test="city != null" >
        city,
      </if>
      <if test="province != null" >
        province,
      </if>
      <if test="country != null" >
        country,
      </if>
      <if test="unionId != null" >
        unionId,
      </if>
      <if test="amount != null" >
        amount,
      </if>
      <if test="createTime != null" >
        createTime,
      </if>
      <if test="updatetime != null" >
        updatetime,
      </if>
    </trim>
    <trim prefix="values (" suffix=")" suffixOverrides="," >
      <if test="openId != null" >
        #{openId,jdbcType=VARCHAR},
      </if>
      <if test="nickName != null" >
        #{nickName,jdbcType=VARCHAR},
      </if>
      <if test="photo != null" >
        #{photo,jdbcType=VARCHAR},
      </if>
      <if test="gender != null" >
        #{gender,jdbcType=VARCHAR},
      </if>
      <if test="city != null" >
        #{city,jdbcType=VARCHAR},
      </if>
      <if test="province != null" >
        #{province,jdbcType=VARCHAR},
      </if>
      <if test="country != null" >
        #{country,jdbcType=VARCHAR},
      </if>
      <if test="unionId != null" >
        #{unionId,jdbcType=VARCHAR},
      </if>
      <if test="amount != null" >
        #{amount,jdbcType=INTEGER},
      </if>
      <if test="createTime != null" >
        #{createTime,jdbcType=TIMESTAMP},
      </if>
      <if test="updatetime != null" >
        #{updatetime,jdbcType=TIMESTAMP},
      </if>
    </trim>
  </insert>
  <update id="updateByPrimaryKeySelective" parameterType="com.voice.redpacket.domain.UserInfo" >
    <!--
      WARNING - @mbggenerated
      This element is automatically generated by MyBatis Generator, do not modify.
      This element was generated on Wed Jan 10 18:24:02 CST 2018.
    -->
    update user_info
    <set >
      <if test="nickName != null" >
        nickName = #{nickName,jdbcType=VARCHAR},
      </if>
      <if test="photo != null" >
        photo = #{photo,jdbcType=VARCHAR},
      </if>
      <if test="gender != null" >
        gender = #{gender,jdbcType=VARCHAR},
      </if>
      <if test="city != null" >
        city = #{city,jdbcType=VARCHAR},
      </if>
      <if test="province != null" >
        province = #{province,jdbcType=VARCHAR},
      </if>
      <if test="country != null" >
        country = #{country,jdbcType=VARCHAR},
      </if>
      <if test="unionId != null" >
        unionId = #{unionId,jdbcType=VARCHAR},
      </if>
      <if test="amount != null" >
        amount = #{amount,jdbcType=INTEGER},
      </if>
      <if test="createTime != null" >
        createTime = #{createTime,jdbcType=TIMESTAMP},
      </if>
      <if test="updatetime != null" >
        updatetime = #{updatetime,jdbcType=TIMESTAMP},
      </if>
    </set>
    where openId = #{openId,jdbcType=VARCHAR}
  </update>
  <update id="updateByPrimaryKey" parameterType="com.voice.redpacket.domain.UserInfo" >
    <!--
      WARNING - @mbggenerated
      This element is automatically generated by MyBatis Generator, do not modify.
      This element was generated on Wed Jan 10 18:24:02 CST 2018.
    -->
    update user_info
    set nickName = #{nickName,jdbcType=VARCHAR},
      photo = #{photo,jdbcType=VARCHAR},
      gender = #{gender,jdbcType=VARCHAR},
      city = #{city,jdbcType=VARCHAR},
      province = #{province,jdbcType=VARCHAR},
      country = #{country,jdbcType=VARCHAR},
      unionId = #{unionId,jdbcType=VARCHAR},
      amount = #{amount,jdbcType=INTEGER},
      createTime = #{createTime,jdbcType=TIMESTAMP},
      updatetime = #{updatetime,jdbcType=TIMESTAMP}
    where openId = #{openId,jdbcType=VARCHAR}
  </update>
  <select id="selectByUnionId" resultMap="BaseResultMap" parameterType="java.lang.String" >
    select
    <include refid="Base_Column_List" />
    from user_info
    where unionId = #{unionId,jdbcType=VARCHAR}
    order by createTime
    limit 1
  </select>
  <update id="addAmount" parameterType="com.voice.redpacket.domain.UserInfo">
    update user_info set amount = amount + #{amount} where openId = #{openId}
  </update>
</mapper>