<?xml version="1.0" encoding="UTF-8" ?>
<!DOCTYPE mapper PUBLIC "-//mybatis.org//DTD Mapper 3.0//EN" "http://mybatis.org/dtd/mybatis-3-mapper.dtd" >
<mapper namespace="com.voice.redpacket.dao.UserAmountRecordsMapper" >
  <resultMap id="BaseResultMap" type="com.voice.redpacket.domain.UserAmountRecords" >
    <!--
      WARNING - @mbggenerated
      This element is automatically generated by MyBatis Generator, do not modify.
      This element was generated on Sun Feb 11 15:11:02 CST 2018.
    -->
    <id column="id" property="id" jdbcType="INTEGER" />
    <result column="openId" property="openId" jdbcType="VARCHAR" />
    <result column="curAmount" property="curAmount" jdbcType="INTEGER" />
    <result column="changeAmount" property="changeAmount" jdbcType="INTEGER" />
    <result column="operType" property="operType" jdbcType="SMALLINT" />
    <result column="remarks" property="remarks" jdbcType="VARCHAR" />
    <result column="createTime" property="createTime" jdbcType="TIMESTAMP" />
  </resultMap>
  <sql id="Base_Column_List" >
    <!--
      WARNING - @mbggenerated
      This element is automatically generated by MyBatis Generator, do not modify.
      This element was generated on Sun Feb 11 15:11:02 CST 2018.
    -->
    id, openId, curAmount, changeAmount, operType, remarks, createTime
  </sql>
  <select id="selectByPrimaryKey" resultMap="BaseResultMap" parameterType="java.lang.Integer" >
    <!--
      WARNING - @mbggenerated
      This element is automatically generated by MyBatis Generator, do not modify.
      This element was generated on Sun Feb 11 15:11:02 CST 2018.
    -->
    select 
    <include refid="Base_Column_List" />
    from user_amount_records
    where id = #{id,jdbcType=INTEGER}
  </select>
  <delete id="deleteByPrimaryKey" parameterType="java.lang.Integer" >
    <!--
      WARNING - @mbggenerated
      This element is automatically generated by MyBatis Generator, do not modify.
      This element was generated on Sun Feb 11 15:11:02 CST 2018.
    -->
    delete from user_amount_records
    where id = #{id,jdbcType=INTEGER}
  </delete>
  <insert id="insert" parameterType="com.voice.redpacket.domain.UserAmountRecords" >
    <!--
      WARNING - @mbggenerated
      This element is automatically generated by MyBatis Generator, do not modify.
      This element was generated on Sun Feb 11 15:11:02 CST 2018.
    -->
    insert into user_amount_records (id, openId, curAmount, 
      changeAmount, operType, remarks, 
      createTime)
    values (#{id,jdbcType=INTEGER}, #{openId,jdbcType=VARCHAR}, #{curAmount,jdbcType=INTEGER}, 
      #{changeAmount,jdbcType=INTEGER}, #{operType,jdbcType=SMALLINT}, #{remarks,jdbcType=VARCHAR}, 
      #{createTime,jdbcType=TIMESTAMP})
  </insert>
  <insert id="insertSelective" parameterType="com.voice.redpacket.domain.UserAmountRecords" useGeneratedKeys="true" keyProperty="id" >
    <!--
      WARNING - @mbggenerated
      This element is automatically generated by MyBatis Generator, do not modify.
      This element was generated on Sun Feb 11 15:11:02 CST 2018.
    -->
    insert into user_amount_records
    <trim prefix="(" suffix=")" suffixOverrides="," >
      <if test="id != null" >
        id,
      </if>
      <if test="openId != null" >
        openId,
      </if>
      <if test="curAmount != null" >
        curAmount,
      </if>
      <if test="changeAmount != null" >
        changeAmount,
      </if>
      <if test="operType != null" >
        operType,
      </if>
      <if test="remarks != null" >
        remarks,
      </if>
      <if test="createTime != null" >
        createTime,
      </if>
    </trim>
    <trim prefix="values (" suffix=")" suffixOverrides="," >
      <if test="id != null" >
        #{id,jdbcType=INTEGER},
      </if>
      <if test="openId != null" >
        #{openId,jdbcType=VARCHAR},
      </if>
      <if test="curAmount != null" >
        #{curAmount,jdbcType=INTEGER},
      </if>
      <if test="changeAmount != null" >
        #{changeAmount,jdbcType=INTEGER},
      </if>
      <if test="operType != null" >
        #{operType,jdbcType=SMALLINT},
      </if>
      <if test="remarks != null" >
        #{remarks,jdbcType=VARCHAR},
      </if>
      <if test="createTime != null" >
        #{createTime,jdbcType=TIMESTAMP},
      </if>
    </trim>
  </insert>
  <update id="updateByPrimaryKeySelective" parameterType="com.voice.redpacket.domain.UserAmountRecords" >
    <!--
      WARNING - @mbggenerated
      This element is automatically generated by MyBatis Generator, do not modify.
      This element was generated on Sun Feb 11 15:11:02 CST 2018.
    -->
    update user_amount_records
    <set >
      <if test="openId != null" >
        openId = #{openId,jdbcType=VARCHAR},
      </if>
      <if test="curAmount != null" >
        curAmount = #{curAmount,jdbcType=INTEGER},
      </if>
      <if test="changeAmount != null" >
        changeAmount = #{changeAmount,jdbcType=INTEGER},
      </if>
      <if test="operType != null" >
        operType = #{operType,jdbcType=SMALLINT},
      </if>
      <if test="remarks != null" >
        remarks = #{remarks,jdbcType=VARCHAR},
      </if>
      <if test="createTime != null" >
        createTime = #{createTime,jdbcType=TIMESTAMP},
      </if>
    </set>
    where id = #{id,jdbcType=INTEGER}
  </update>
  <update id="updateByPrimaryKey" parameterType="com.voice.redpacket.domain.UserAmountRecords" >
    <!--
      WARNING - @mbggenerated
      This element is automatically generated by MyBatis Generator, do not modify.
      This element was generated on Sun Feb 11 15:11:02 CST 2018.
    -->
    update user_amount_records
    set openId = #{openId,jdbcType=VARCHAR},
      curAmount = #{curAmount,jdbcType=INTEGER},
      changeAmount = #{changeAmount,jdbcType=INTEGER},
      operType = #{operType,jdbcType=SMALLINT},
      remarks = #{remarks,jdbcType=VARCHAR},
      createTime = #{createTime,jdbcType=TIMESTAMP}
    where id = #{id,jdbcType=INTEGER}
  </update>
  <select id="findUserAmountRecords" parameterType="java.lang.String" resultType="com.voice.redpacket.domain.UserAmountRecords">
    select * from user_amount_records t where t.openId=#{openId,jdbcType=VARCHAR} ORDER BY t.id DESC LIMIT 100
  </select>
</mapper>