<?xml version="1.0" encoding="UTF-8" ?>
<!DOCTYPE mapper PUBLIC "-//mybatis.org//DTD Mapper 3.0//EN" "http://mybatis.org/dtd/mybatis-3-mapper.dtd" >
<mapper namespace="com.voice.redpacket.dao.VoiceRedPacketMapper" >
  <resultMap id="BaseResultMap" type="com.voice.redpacket.domain.VoiceRedPacket" >
    <!--
      WARNING - @mbggenerated
      This element is automatically generated by MyBatis Generator, do not modify.
      This element was generated on Mon Feb 05 16:45:29 CST 2018.
    -->
    <id column="id" property="id" jdbcType="INTEGER" />
    <result column="openId" property="openId" jdbcType="VARCHAR" />
    <result column="text" property="text" jdbcType="VARCHAR" />
    <result column="fee" property="fee" jdbcType="INTEGER" />
    <result column="num" property="num" jdbcType="INTEGER" />
    <result column="drawNum" property="drawNum" jdbcType="INTEGER" />
    <result column="serverFee" property="serverFee" jdbcType="INTEGER" />
    <result column="createTime" property="createTime" jdbcType="TIMESTAMP" />
    <result column="payId" property="payId" jdbcType="BIGINT" />
    <result column="limitTime" property="limitTime" jdbcType="INTEGER" />
    <result column="type" property="type" jdbcType="SMALLINT" />
    <result column="payType" property="payType" jdbcType="SMALLINT" />
    <result column="payStatus" property="payStatus" jdbcType="SMALLINT" />
    <result column="shareScope" property="shareScope" jdbcType="SMALLINT" />
  </resultMap>
  <sql id="Base_Column_List" >
    <!--
      WARNING - @mbggenerated
      This element is automatically generated by MyBatis Generator, do not modify.
      This element was generated on Mon Feb 05 16:45:29 CST 2018.
    -->
    id, openId, text, fee, num, drawNum, serverFee, createTime, payId, limitTime, type, 
    payType, payStatus,shareScope
  </sql>
  <select id="selectByPrimaryKey" resultMap="BaseResultMap" parameterType="java.lang.Integer" >
    <!--
      WARNING - @mbggenerated
      This element is automatically generated by MyBatis Generator, do not modify.
      This element was generated on Mon Feb 05 16:45:29 CST 2018.
    -->
    select 
    <include refid="Base_Column_List" />
    from voice_red_packet
    where id = #{id,jdbcType=INTEGER}
  </select>
  <delete id="deleteByPrimaryKey" parameterType="java.lang.Integer" >
    <!--
      WARNING - @mbggenerated
      This element is automatically generated by MyBatis Generator, do not modify.
      This element was generated on Mon Feb 05 16:45:29 CST 2018.
    -->
    delete from voice_red_packet
    where id = #{id,jdbcType=INTEGER}
  </delete>
  <insert id="insert" parameterType="com.voice.redpacket.domain.VoiceRedPacket" >
    <!--
      WARNING - @mbggenerated
      This element is automatically generated by MyBatis Generator, do not modify.
      This element was generated on Mon Feb 05 16:45:29 CST 2018.
    -->
    insert into voice_red_packet (id, openId, text, 
      fee, num, drawNum, 
      serverFee, createTime, payId, 
      limitTime, type, payType, 
      payStatus,shareScope)
    values (#{id,jdbcType=INTEGER}, #{openId,jdbcType=VARCHAR}, #{text,jdbcType=VARCHAR}, 
      #{fee,jdbcType=INTEGER}, #{num,jdbcType=INTEGER}, #{drawNum,jdbcType=INTEGER}, 
      #{serverFee,jdbcType=INTEGER}, #{createTime,jdbcType=TIMESTAMP}, #{payId,jdbcType=BIGINT}, 
      #{limitTime,jdbcType=INTEGER}, #{type,jdbcType=SMALLINT}, #{payType,jdbcType=SMALLINT}, 
      #{payStatus,jdbcType=SMALLINT},#{shareScope,jdbcType=SMALLINT})
  </insert>
  <insert id="insertSelective" parameterType="com.voice.redpacket.domain.VoiceRedPacket" useGeneratedKeys="true" keyProperty="id">
    <!--
      WARNING - @mbggenerated
      This element is automatically generated by MyBatis Generator, do not modify.
      This element was generated on Mon Feb 05 16:45:29 CST 2018.
    -->
    insert into voice_red_packet
    <trim prefix="(" suffix=")" suffixOverrides="," >
      <if test="id != null" >
        id,
      </if>
      <if test="openId != null" >
        openId,
      </if>
      <if test="text != null" >
        text,
      </if>
      <if test="fee != null" >
        fee,
      </if>
      <if test="num != null" >
        num,
      </if>
      <if test="drawNum != null" >
        drawNum,
      </if>
      <if test="serverFee != null" >
        serverFee,
      </if>
      <if test="createTime != null" >
        createTime,
      </if>
      <if test="payId != null" >
        payId,
      </if>
      <if test="limitTime != null" >
        limitTime,
      </if>
      <if test="type != null" >
        type,
      </if>
      <if test="payType != null" >
        payType,
      </if>
      <if test="payStatus != null" >
        payStatus,
      </if>
      <if test="shareScope != null" >
        shareScope,
      </if>
    </trim>
    <trim prefix="values (" suffix=")" suffixOverrides="," >
      <if test="id != null" >
        #{id,jdbcType=INTEGER},
      </if>
      <if test="openId != null" >
        #{openId,jdbcType=VARCHAR},
      </if>
      <if test="text != null" >
        #{text,jdbcType=VARCHAR},
      </if>
      <if test="fee != null" >
        #{fee,jdbcType=INTEGER},
      </if>
      <if test="num != null" >
        #{num,jdbcType=INTEGER},
      </if>
      <if test="drawNum != null" >
        #{drawNum,jdbcType=INTEGER},
      </if>
      <if test="serverFee != null" >
        #{serverFee,jdbcType=INTEGER},
      </if>
      <if test="createTime != null" >
        #{createTime,jdbcType=TIMESTAMP},
      </if>
      <if test="payId != null" >
        #{payId,jdbcType=BIGINT},
      </if>
      <if test="limitTime != null" >
        #{limitTime,jdbcType=INTEGER},
      </if>
      <if test="type != null" >
        #{type,jdbcType=SMALLINT},
      </if>
      <if test="payType != null" >
        #{payType,jdbcType=SMALLINT},
      </if>
      <if test="payStatus != null" >
        #{payStatus,jdbcType=SMALLINT},
      </if>
      <if test="shareScope != null" >
        #{shareScope,jdbcType=SMALLINT},
      </if>
    </trim>
  </insert>
  <update id="updateByPrimaryKeySelective" parameterType="com.voice.redpacket.domain.VoiceRedPacket" >
    <!--
      WARNING - @mbggenerated
      This element is automatically generated by MyBatis Generator, do not modify.
      This element was generated on Mon Feb 05 16:45:29 CST 2018.
    -->
    update voice_red_packet
    <set >
      <if test="openId != null" >
        openId = #{openId,jdbcType=VARCHAR},
      </if>
      <if test="text != null" >
        text = #{text,jdbcType=VARCHAR},
      </if>
      <if test="fee != null" >
        fee = #{fee,jdbcType=INTEGER},
      </if>
      <if test="num != null" >
        num = #{num,jdbcType=INTEGER},
      </if>
      <if test="drawNum != null" >
        drawNum = #{drawNum,jdbcType=INTEGER},
      </if>
      <if test="serverFee != null" >
        serverFee = #{serverFee,jdbcType=INTEGER},
      </if>
      <if test="createTime != null" >
        createTime = #{createTime,jdbcType=TIMESTAMP},
      </if>
      <if test="payId != null" >
        payId = #{payId,jdbcType=BIGINT},
      </if>
      <if test="limitTime != null" >
        limitTime = #{limitTime,jdbcType=INTEGER},
      </if>
      <if test="type != null" >
        type = #{type,jdbcType=SMALLINT},
      </if>
      <if test="payType != null" >
        payType = #{payType,jdbcType=SMALLINT},
      </if>
      <if test="payStatus != null" >
        payStatus = #{payStatus,jdbcType=SMALLINT},
      </if>
      <if test="shareScope != null" >
        shareScope = #{shareScope,jdbcType=SMALLINT},
      </if>
    </set>
    where id = #{id,jdbcType=INTEGER}
  </update>
  <update id="updateByPrimaryKey" parameterType="com.voice.redpacket.domain.VoiceRedPacket" >
    <!--
      WARNING - @mbggenerated
      This element is automatically generated by MyBatis Generator, do not modify.
      This element was generated on Mon Feb 05 16:45:29 CST 2018.
    -->
    update voice_red_packet
    set openId = #{openId,jdbcType=VARCHAR},
      text = #{text,jdbcType=VARCHAR},
      fee = #{fee,jdbcType=INTEGER},
      num = #{num,jdbcType=INTEGER},
      drawNum = #{drawNum,jdbcType=INTEGER},
      serverFee = #{serverFee,jdbcType=INTEGER},
      createTime = #{createTime,jdbcType=TIMESTAMP},
      payId = #{payId,jdbcType=BIGINT},
      limitTime = #{limitTime,jdbcType=INTEGER},
      type = #{type,jdbcType=SMALLINT},
      payType = #{payType,jdbcType=SMALLINT},
      payStatus = #{payStatus,jdbcType=SMALLINT},
      shareScope = #{shareScope,jdbcType=SMALLINT}
    where id = #{id,jdbcType=INTEGER}
  </update>
  <update id="draw" parameterType="com.voice.redpacket.domain.VoiceRedPacket" >
    update voice_red_packet
    set drawNum = drawNum + 1
    where id = #{id,jdbcType=INTEGER} AND drawNum &lt; num
  </update>
  <select id="findListByEntity" parameterType="com.voice.redpacket.domain.VoiceRedPacket" resultType="com.voice.redpacket.domain.VoiceRedPacket">
    select u.nickName,u.photo,t.*
    from voice_red_packet t INNER JOIN user_info u ON t.openId=u.openId
    <trim prefix="WHERE" suffixOverrides="AND">
      <if test="openId != null">
        t.openId = #{openId,jdbcType=VARCHAR} AND
      </if>
      <if test="text != null" >
        t.text = #{text,jdbcType=VARCHAR} AND
      </if>
      <if test="fee != null" >
        t.fee = #{fee,jdbcType=INTEGER} AND
      </if>
      <if test="num != null" >
        t.num = #{num,jdbcType=INTEGER} AND
      </if>
      <if test="drawNum != null" >
        t.drawNum = #{drawNum,jdbcType=INTEGER} AND
      </if>
      <if test="serverFee != null" >
        t.serverFee = #{serverFee,jdbcType=INTEGER} AND
      </if>
      <if test="createTime != null" >
        t.createTime = #{createTime,jdbcType=TIMESTAMP} AND
      </if>
      <if test="payId != null" >
        t.payId = #{payId,jdbcType=BIGINT} AND
      </if>
      <if test="limitTime != null" >
        t.limitTime = #{limitTime,jdbcType=INTEGER} AND
      </if>
      <if test="type != null" >
        t.type = #{type,jdbcType=SMALLINT} AND
      </if>
      <if test="payType != null" >
        t.payType = #{payType,jdbcType=SMALLINT} AND
      </if>
      <if test="payStatus != null" >
        t.payStatus = #{payStatus,jdbcType=SMALLINT} AND
      </if>
      <if test="payStatus == null" >
        t.payStatus != 0 AND
      </if>
      <if test="shareScope != null" >
        t.shareScope = #{shareScope,jdbcType=SMALLINT} AND
      </if>
    </trim>
    <choose>
      <when test="sortType==1">
        order by t.fee DESC
      </when>
      <when test="sortType==2">
        order by t.fee ASC
      </when>
      <when test="sortType==3">
        order by t.createTime DESC
      </when>
      <when test="sortType==4">
        order by t.createTime ASC
      </when>
      <otherwise>
        order by t.createTime DESC
      </otherwise>
    </choose>
    <if test="limitNum != null" >
      LIMIT #{limitNum,jdbcType=INTEGER}
    </if>
  </select>
  <select id="findWaitingRefundList" resultType="com.voice.redpacket.domain.VoiceRedPacket">
    select t.*,
    (select SUM(if(d.drawFee IS NOT NULL,d.drawFee,0)) from packet_draw_relation d where d.packetId=t.id) AS drawTotalFee
    from voice_red_packet t where t.payStatus=1 AND t.num &gt; t.drawNum AND t.createTime &lt; DATE_SUB(NOW(),INTERVAL 24 HOUR)
  </select>
  <select id="getPublicPacketList" parameterType="com.voice.redpacket.domain.VoiceRedPacket" resultType="com.voice.redpacket.domain.VoiceRedPacket">
    select u.nickName,u.photo,t.*
    from voice_red_packet t INNER JOIN user_info u ON t.openId=u.openId
    <trim prefix="WHERE" suffixOverrides="AND">
      t.num &gt; t.drawNum AND
      t.createTime &gt; DATE_SUB(NOW(),INTERVAL 24 HOUR) AND
      <if test="openId != null">
        t.openId = #{openId,jdbcType=VARCHAR} AND
      </if>
      <if test="text != null" >
        t.text = #{text,jdbcType=VARCHAR} AND
      </if>
      <if test="fee != null" >
        t.fee = #{fee,jdbcType=INTEGER} AND
      </if>
      <if test="num != null" >
        t.num = #{num,jdbcType=INTEGER} AND
      </if>
      <if test="drawNum != null" >
        t.drawNum = #{drawNum,jdbcType=INTEGER} AND
      </if>
      <if test="serverFee != null" >
        t.serverFee = #{serverFee,jdbcType=INTEGER} AND
      </if>
      <if test="createTime != null" >
        t.createTime = #{createTime,jdbcType=TIMESTAMP} AND
      </if>
      <if test="payId != null" >
        t.payId = #{payId,jdbcType=BIGINT} AND
      </if>
      <if test="limitTime != null" >
        t.limitTime = #{limitTime,jdbcType=INTEGER} AND
      </if>
      <if test="type != null" >
        t.type = #{type,jdbcType=SMALLINT} AND
      </if>
      <if test="payType != null" >
        t.payType = #{payType,jdbcType=SMALLINT} AND
      </if>
      <if test="payStatus != null" >
        t.payStatus = #{payStatus,jdbcType=SMALLINT} AND
      </if>
      <if test="payStatus == null" >
        t.payStatus != 0 AND
      </if>
      <if test="shareScope != null" >
        t.shareScope = #{shareScope,jdbcType=SMALLINT} AND
      </if>
    </trim>
    <choose>
      <when test="sortType==1">
        order by t.fee DESC
      </when>
      <when test="sortType==2">
        order by t.fee ASC
      </when>
      <when test="sortType==3">
        order by t.createTime DESC
      </when>
      <when test="sortType==4">
        order by t.createTime ASC
      </when>
      <otherwise>
        order by t.createTime DESC
      </otherwise>
    </choose>
    <if test="limitNum != null" >
      LIMIT #{limitNum,jdbcType=INTEGER}
    </if>
  </select>
</mapper>