<?xml version="1.0" encoding="UTF-8" ?>
<!DOCTYPE mapper PUBLIC "-//mybatis.org//DTD Mapper 3.0//EN" "http://mybatis.org/dtd/mybatis-3-mapper.dtd" >
<mapper namespace="com.voice.redpacket.dao.WxPayInfoMapper" >
  <resultMap id="BaseResultMap" type="com.voice.redpacket.domain.WxPayInfo" >
    <!--
      WARNING - @mbggenerated
      This element is automatically generated by MyBatis Generator, do not modify.
      This element was generated on Tue Jan 30 12:03:32 CST 2018.
    -->
    <id column="payId" property="payId" jdbcType="BIGINT" />
    <result column="appId" property="appId" jdbcType="VARCHAR" />
    <result column="mchId" property="mchId" jdbcType="VARCHAR" />
    <result column="subAppid" property="subAppid" jdbcType="VARCHAR" />
    <result column="subMchId" property="subMchId" jdbcType="VARCHAR" />
    <result column="openId" property="openId" jdbcType="VARCHAR" />
    <result column="body" property="body" jdbcType="VARCHAR" />
    <result column="detail" property="detail" jdbcType="VARCHAR" />
    <result column="attach" property="attach" jdbcType="VARCHAR" />
    <result column="createtime" property="createtime" jdbcType="TIMESTAMP" />
    <result column="prepayId" property="prepayId" jdbcType="VARCHAR" />
    <result column="spBillCreateIP" property="spBillCreateIP" jdbcType="VARCHAR" />
    <result column="notifyUrl" property="notifyUrl" jdbcType="VARCHAR" />
    <result column="callbackTime" property="callbackTime" jdbcType="TIMESTAMP" />
    <result column="status" property="status" jdbcType="INTEGER" />
    <result column="isSubscribe" property="isSubscribe" jdbcType="VARCHAR" />
    <result column="bankType" property="bankType" jdbcType="VARCHAR" />
    <result column="timeExpire" property="timeExpire" jdbcType="TIMESTAMP" />
    <result column="goodsTag" property="goodsTag" jdbcType="VARCHAR" />
    <result column="tradeType" property="tradeType" jdbcType="VARCHAR" />
    <result column="limitPay" property="limitPay" jdbcType="VARCHAR" />
    <result column="refundState" property="refundState" jdbcType="INTEGER" />
    <result column="outTradeNo" property="outTradeNo" jdbcType="VARCHAR" />
    <result column="totalFee" property="totalFee" jdbcType="INTEGER" />
    <result column="returnCode" property="returnCode" jdbcType="VARCHAR" />
    <result column="returnMsg" property="returnMsg" jdbcType="VARCHAR" />
    <result column="errCodeDes" property="errCodeDes" jdbcType="VARCHAR" />
    <result column="errCode" property="errCode" jdbcType="VARCHAR" />
    <result column="deviceInfo" property="deviceInfo" jdbcType="VARCHAR" />
    <result column="transactionId" property="transactionId" jdbcType="VARCHAR" />
  </resultMap>
  <sql id="Base_Column_List" >
    <!--
      WARNING - @mbggenerated
      This element is automatically generated by MyBatis Generator, do not modify.
      This element was generated on Tue Jan 30 12:03:32 CST 2018.
    -->
    payId, appId, mchId, subAppid, subMchId, openId, body, detail, attach, createtime, 
    prepayId, spBillCreateIP, notifyUrl, callbackTime, status, isSubscribe, bankType, 
    timeExpire, goodsTag, tradeType, limitPay, refundState, outTradeNo, totalFee, returnCode, 
    returnMsg, errCodeDes, errCode, deviceInfo, transactionId
  </sql>
  <select id="selectByPrimaryKey" resultMap="BaseResultMap" parameterType="java.lang.Long" >
    <!--
      WARNING - @mbggenerated
      This element is automatically generated by MyBatis Generator, do not modify.
      This element was generated on Tue Jan 30 12:03:32 CST 2018.
    -->
    select 
    <include refid="Base_Column_List" />
    from wx_pay_info
    where payId = #{payId,jdbcType=BIGINT}
  </select>
  <delete id="deleteByPrimaryKey" parameterType="java.lang.Long" >
    <!--
      WARNING - @mbggenerated
      This element is automatically generated by MyBatis Generator, do not modify.
      This element was generated on Tue Jan 30 12:03:32 CST 2018.
    -->
    delete from wx_pay_info
    where payId = #{payId,jdbcType=BIGINT}
  </delete>
  <insert id="insert" parameterType="com.voice.redpacket.domain.WxPayInfo" >
    <!--
      WARNING - @mbggenerated
      This element is automatically generated by MyBatis Generator, do not modify.
      This element was generated on Tue Jan 30 12:03:32 CST 2018.
    -->
    insert into wx_pay_info (payId, appId, mchId, 
      subAppid, subMchId, openId, 
      body, detail, attach, 
      createtime, prepayId, spBillCreateIP, 
      notifyUrl, callbackTime, status, 
      isSubscribe, bankType, timeExpire, 
      goodsTag, tradeType, limitPay, 
      refundState, outTradeNo, totalFee, 
      returnCode, returnMsg, errCodeDes, 
      errCode, deviceInfo, transactionId)
    values (#{payId,jdbcType=BIGINT}, #{appId,jdbcType=VARCHAR}, #{mchId,jdbcType=VARCHAR}, 
      #{subAppid,jdbcType=VARCHAR}, #{subMchId,jdbcType=VARCHAR}, #{openId,jdbcType=VARCHAR}, 
      #{body,jdbcType=VARCHAR}, #{detail,jdbcType=VARCHAR}, #{attach,jdbcType=VARCHAR}, 
      #{createtime,jdbcType=TIMESTAMP}, #{prepayId,jdbcType=VARCHAR}, #{spBillCreateIP,jdbcType=VARCHAR}, 
      #{notifyUrl,jdbcType=VARCHAR}, #{callbackTime,jdbcType=TIMESTAMP}, #{status,jdbcType=INTEGER}, 
      #{isSubscribe,jdbcType=VARCHAR}, #{bankType,jdbcType=VARCHAR}, #{timeExpire,jdbcType=TIMESTAMP}, 
      #{goodsTag,jdbcType=VARCHAR}, #{tradeType,jdbcType=VARCHAR}, #{limitPay,jdbcType=VARCHAR}, 
      #{refundState,jdbcType=INTEGER}, #{outTradeNo,jdbcType=VARCHAR}, #{totalFee,jdbcType=INTEGER}, 
      #{returnCode,jdbcType=VARCHAR}, #{returnMsg,jdbcType=VARCHAR}, #{errCodeDes,jdbcType=VARCHAR}, 
      #{errCode,jdbcType=VARCHAR}, #{deviceInfo,jdbcType=VARCHAR}, #{transactionId,jdbcType=VARCHAR})
  </insert>
  <insert id="insertSelective" parameterType="com.voice.redpacket.domain.WxPayInfo" useGeneratedKeys="true" keyProperty="payId" >
    <!--
      WARNING - @mbggenerated
      This element is automatically generated by MyBatis Generator, do not modify.
      This element was generated on Tue Jan 30 12:03:32 CST 2018.
    -->
    insert into wx_pay_info
    <trim prefix="(" suffix=")" suffixOverrides="," >
      <if test="payId != null" >
        payId,
      </if>
      <if test="appId != null" >
        appId,
      </if>
      <if test="mchId != null" >
        mchId,
      </if>
      <if test="subAppid != null" >
        subAppid,
      </if>
      <if test="subMchId != null" >
        subMchId,
      </if>
      <if test="openId != null" >
        openId,
      </if>
      <if test="body != null" >
        body,
      </if>
      <if test="detail != null" >
        detail,
      </if>
      <if test="attach != null" >
        attach,
      </if>
      <if test="createtime != null" >
        createtime,
      </if>
      <if test="prepayId != null" >
        prepayId,
      </if>
      <if test="spBillCreateIP != null" >
        spBillCreateIP,
      </if>
      <if test="notifyUrl != null" >
        notifyUrl,
      </if>
      <if test="callbackTime != null" >
        callbackTime,
      </if>
      <if test="status != null" >
        status,
      </if>
      <if test="isSubscribe != null" >
        isSubscribe,
      </if>
      <if test="bankType != null" >
        bankType,
      </if>
      <if test="timeExpire != null" >
        timeExpire,
      </if>
      <if test="goodsTag != null" >
        goodsTag,
      </if>
      <if test="tradeType != null" >
        tradeType,
      </if>
      <if test="limitPay != null" >
        limitPay,
      </if>
      <if test="refundState != null" >
        refundState,
      </if>
      <if test="outTradeNo != null" >
        outTradeNo,
      </if>
      <if test="totalFee != null" >
        totalFee,
      </if>
      <if test="returnCode != null" >
        returnCode,
      </if>
      <if test="returnMsg != null" >
        returnMsg,
      </if>
      <if test="errCodeDes != null" >
        errCodeDes,
      </if>
      <if test="errCode != null" >
        errCode,
      </if>
      <if test="deviceInfo != null" >
        deviceInfo,
      </if>
      <if test="transactionId != null" >
        transactionId,
      </if>
    </trim>
    <trim prefix="values (" suffix=")" suffixOverrides="," >
      <if test="payId != null" >
        #{payId,jdbcType=BIGINT},
      </if>
      <if test="appId != null" >
        #{appId,jdbcType=VARCHAR},
      </if>
      <if test="mchId != null" >
        #{mchId,jdbcType=VARCHAR},
      </if>
      <if test="subAppid != null" >
        #{subAppid,jdbcType=VARCHAR},
      </if>
      <if test="subMchId != null" >
        #{subMchId,jdbcType=VARCHAR},
      </if>
      <if test="openId != null" >
        #{openId,jdbcType=VARCHAR},
      </if>
      <if test="body != null" >
        #{body,jdbcType=VARCHAR},
      </if>
      <if test="detail != null" >
        #{detail,jdbcType=VARCHAR},
      </if>
      <if test="attach != null" >
        #{attach,jdbcType=VARCHAR},
      </if>
      <if test="createtime != null" >
        #{createtime,jdbcType=TIMESTAMP},
      </if>
      <if test="prepayId != null" >
        #{prepayId,jdbcType=VARCHAR},
      </if>
      <if test="spBillCreateIP != null" >
        #{spBillCreateIP,jdbcType=VARCHAR},
      </if>
      <if test="notifyUrl != null" >
        #{notifyUrl,jdbcType=VARCHAR},
      </if>
      <if test="callbackTime != null" >
        #{callbackTime,jdbcType=TIMESTAMP},
      </if>
      <if test="status != null" >
        #{status,jdbcType=INTEGER},
      </if>
      <if test="isSubscribe != null" >
        #{isSubscribe,jdbcType=VARCHAR},
      </if>
      <if test="bankType != null" >
        #{bankType,jdbcType=VARCHAR},
      </if>
      <if test="timeExpire != null" >
        #{timeExpire,jdbcType=TIMESTAMP},
      </if>
      <if test="goodsTag != null" >
        #{goodsTag,jdbcType=VARCHAR},
      </if>
      <if test="tradeType != null" >
        #{tradeType,jdbcType=VARCHAR},
      </if>
      <if test="limitPay != null" >
        #{limitPay,jdbcType=VARCHAR},
      </if>
      <if test="refundState != null" >
        #{refundState,jdbcType=INTEGER},
      </if>
      <if test="outTradeNo != null" >
        #{outTradeNo,jdbcType=VARCHAR},
      </if>
      <if test="totalFee != null" >
        #{totalFee,jdbcType=INTEGER},
      </if>
      <if test="returnCode != null" >
        #{returnCode,jdbcType=VARCHAR},
      </if>
      <if test="returnMsg != null" >
        #{returnMsg,jdbcType=VARCHAR},
      </if>
      <if test="errCodeDes != null" >
        #{errCodeDes,jdbcType=VARCHAR},
      </if>
      <if test="errCode != null" >
        #{errCode,jdbcType=VARCHAR},
      </if>
      <if test="deviceInfo != null" >
        #{deviceInfo,jdbcType=VARCHAR},
      </if>
      <if test="transactionId != null" >
        #{transactionId,jdbcType=VARCHAR},
      </if>
    </trim>
  </insert>
  <update id="updateByPrimaryKeySelective" parameterType="com.voice.redpacket.domain.WxPayInfo" >
    <!--
      WARNING - @mbggenerated
      This element is automatically generated by MyBatis Generator, do not modify.
      This element was generated on Tue Jan 30 12:03:32 CST 2018.
    -->
    update wx_pay_info
    <set >
      <if test="appId != null" >
        appId = #{appId,jdbcType=VARCHAR},
      </if>
      <if test="mchId != null" >
        mchId = #{mchId,jdbcType=VARCHAR},
      </if>
      <if test="subAppid != null" >
        subAppid = #{subAppid,jdbcType=VARCHAR},
      </if>
      <if test="subMchId != null" >
        subMchId = #{subMchId,jdbcType=VARCHAR},
      </if>
      <if test="openId != null" >
        openId = #{openId,jdbcType=VARCHAR},
      </if>
      <if test="body != null" >
        body = #{body,jdbcType=VARCHAR},
      </if>
      <if test="detail != null" >
        detail = #{detail,jdbcType=VARCHAR},
      </if>
      <if test="attach != null" >
        attach = #{attach,jdbcType=VARCHAR},
      </if>
      <if test="createtime != null" >
        createtime = #{createtime,jdbcType=TIMESTAMP},
      </if>
      <if test="prepayId != null" >
        prepayId = #{prepayId,jdbcType=VARCHAR},
      </if>
      <if test="spBillCreateIP != null" >
        spBillCreateIP = #{spBillCreateIP,jdbcType=VARCHAR},
      </if>
      <if test="notifyUrl != null" >
        notifyUrl = #{notifyUrl,jdbcType=VARCHAR},
      </if>
      <if test="callbackTime != null" >
        callbackTime = #{callbackTime,jdbcType=TIMESTAMP},
      </if>
      <if test="status != null" >
        status = #{status,jdbcType=INTEGER},
      </if>
      <if test="isSubscribe != null" >
        isSubscribe = #{isSubscribe,jdbcType=VARCHAR},
      </if>
      <if test="bankType != null" >
        bankType = #{bankType,jdbcType=VARCHAR},
      </if>
      <if test="timeExpire != null" >
        timeExpire = #{timeExpire,jdbcType=TIMESTAMP},
      </if>
      <if test="goodsTag != null" >
        goodsTag = #{goodsTag,jdbcType=VARCHAR},
      </if>
      <if test="tradeType != null" >
        tradeType = #{tradeType,jdbcType=VARCHAR},
      </if>
      <if test="limitPay != null" >
        limitPay = #{limitPay,jdbcType=VARCHAR},
      </if>
      <if test="refundState != null" >
        refundState = #{refundState,jdbcType=INTEGER},
      </if>
      <if test="outTradeNo != null" >
        outTradeNo = #{outTradeNo,jdbcType=VARCHAR},
      </if>
      <if test="totalFee != null" >
        totalFee = #{totalFee,jdbcType=INTEGER},
      </if>
      <if test="returnCode != null" >
        returnCode = #{returnCode,jdbcType=VARCHAR},
      </if>
      <if test="returnMsg != null" >
        returnMsg = #{returnMsg,jdbcType=VARCHAR},
      </if>
      <if test="errCodeDes != null" >
        errCodeDes = #{errCodeDes,jdbcType=VARCHAR},
      </if>
      <if test="errCode != null" >
        errCode = #{errCode,jdbcType=VARCHAR},
      </if>
      <if test="deviceInfo != null" >
        deviceInfo = #{deviceInfo,jdbcType=VARCHAR},
      </if>
      <if test="transactionId != null" >
        transactionId = #{transactionId,jdbcType=VARCHAR},
      </if>
    </set>
    where payId = #{payId,jdbcType=BIGINT}
  </update>
  <update id="updateByPrimaryKey" parameterType="com.voice.redpacket.domain.WxPayInfo" >
    <!--
      WARNING - @mbggenerated
      This element is automatically generated by MyBatis Generator, do not modify.
      This element was generated on Tue Jan 30 12:03:32 CST 2018.
    -->
    update wx_pay_info
    set appId = #{appId,jdbcType=VARCHAR},
      mchId = #{mchId,jdbcType=VARCHAR},
      subAppid = #{subAppid,jdbcType=VARCHAR},
      subMchId = #{subMchId,jdbcType=VARCHAR},
      openId = #{openId,jdbcType=VARCHAR},
      body = #{body,jdbcType=VARCHAR},
      detail = #{detail,jdbcType=VARCHAR},
      attach = #{attach,jdbcType=VARCHAR},
      createtime = #{createtime,jdbcType=TIMESTAMP},
      prepayId = #{prepayId,jdbcType=VARCHAR},
      spBillCreateIP = #{spBillCreateIP,jdbcType=VARCHAR},
      notifyUrl = #{notifyUrl,jdbcType=VARCHAR},
      callbackTime = #{callbackTime,jdbcType=TIMESTAMP},
      status = #{status,jdbcType=INTEGER},
      isSubscribe = #{isSubscribe,jdbcType=VARCHAR},
      bankType = #{bankType,jdbcType=VARCHAR},
      timeExpire = #{timeExpire,jdbcType=TIMESTAMP},
      goodsTag = #{goodsTag,jdbcType=VARCHAR},
      tradeType = #{tradeType,jdbcType=VARCHAR},
      limitPay = #{limitPay,jdbcType=VARCHAR},
      refundState = #{refundState,jdbcType=INTEGER},
      outTradeNo = #{outTradeNo,jdbcType=VARCHAR},
      totalFee = #{totalFee,jdbcType=INTEGER},
      returnCode = #{returnCode,jdbcType=VARCHAR},
      returnMsg = #{returnMsg,jdbcType=VARCHAR},
      errCodeDes = #{errCodeDes,jdbcType=VARCHAR},
      errCode = #{errCode,jdbcType=VARCHAR},
      deviceInfo = #{deviceInfo,jdbcType=VARCHAR},
      transactionId = #{transactionId,jdbcType=VARCHAR}
    where payId = #{payId,jdbcType=BIGINT}
  </update>
  <select id="hasPaid" parameterType="java.lang.Integer" resultType="java.lang.Integer">
    select count(*) from wx_pay_info w INNER JOIN voice_red_packet v ON w.payId=v.payId
    WHERE w.`status`=3 AND v.id=#{packetId}
  </select>
  <select id="findByTradeNo" parameterType="java.lang.String" resultType="com.voice.redpacket.domain.WxPayInfo">
    select
    <include refid="Base_Column_List" />
    from wx_pay_info
    where outTradeNo = #{outTradeNo,jdbcType=VARCHAR}
  </select>
  <select id="findByPacketId" parameterType="java.lang.Integer" resultType="com.voice.redpacket.domain.WxPayInfo">
    select a.* from wx_pay_info a INNER JOIN voice_red_packet b ON a.payId=b.payId where b.id = #{packetId,jdbcType=INTEGER}
  </select>
</mapper>