<?xml version="1.0" encoding="UTF-8"?>  
<beans xmlns="http://www.springframework.org/schema/beans" 
	xmlns:context="http://www.springframework.org/schema/context" 
	xmlns:xsi="http://www.w3.org/2001/XMLSchema-instance" 
	xmlns:aop="http://www.springframework.org/schema/aop"  
    xmlns:tx="http://www.springframework.org/schema/tx" 
    xmlns:p="http://www.springframework.org/schema/p" 
    xmlns:util="http://www.springframework.org/schema/util" 
    xmlns:jdbc="http://www.springframework.org/schema/jdbc"  
    xmlns:websocket="http://www.springframework.org/schema/websocket"
    xmlns:task="http://www.springframework.org/schema/task"
    xsi:schemaLocation="  
    http://www.springframework.org/schema/context  
    http://www.springframework.org/schema/context/spring-context.xsd
    http://www.springframework.org/schema/beans  
    http://www.springframework.org/schema/beans/spring-beans.xsd
    http://www.springframework.org/schema/tx  
    http://www.springframework.org/schema/tx/spring-tx.xsd
    http://www.springframework.org/schema/jdbc  
    http://www.springframework.org/schema/jdbc/spring-jdbc.xsd
    http://www.springframework.org/schema/aop  
    http://www.springframework.org/schema/aop/spring-aop.xsd
    http://www.springframework.org/schema/util  
    http://www.springframework.org/schema/util/spring-util.xsd
    http://www.springframework.org/schema/websocket 
    http://www.springframework.org/schema/websocket/spring-websocket.xsd
    http://www.springframework.org/schema/task 
    http://www.springframework.org/schema/task/spring-task.xsd">
  
    <!-- 自动扫描web包 ,将带有注解的类 纳入spring容器管理 -->  
    <context:component-scan base-package="com.voice.redpacket">
		<context:include-filter type="annotation" expression="org.springframework.stereotype.Service"/>
		<context:include-filter type="annotation" expression="org.springframework.stereotype.Repository"/>
    	<context:exclude-filter type="annotation" expression="org.springframework.stereotype.Controller"/>
    </context:component-scan>
  
    <!-- 引入jdbc配置文件（没必要引入，因为pom.xml已经配置了profile） -->
    <!--<context:property-placeholder location="classpath:jdbc.properties" ignore-unresolvable="true"/>-->

    <!-- dataSource 配置 -->  
    <bean id="dataSource" class="org.apache.commons.dbcp.BasicDataSource"
		destroy-method="close">
		<property name="driverClassName" value="com.mysql.jdbc.Driver" />
		<property name="url" value="${jdbc.url}" />
		<property name="username" value="${jdbc.username}" />
		<property name="password" value="${jdbc.password}" />
		<property name="validationQuery" value="SELECT 1" />
    	<property name="testOnBorrow" value="true"/>
    	<!-- 超时等待时间以毫秒为单位 -->
    	<property name="maxWait" value="3000"/>
		<property name="connectionInitSqls" value="set names utf8mb4;"/>
	</bean> 
  
    <!-- mybatis文件配置，扫描所有mapper文件 -->  
    <bean id="sqlSessionFactory" class="org.mybatis.spring.SqlSessionFactoryBean" 
	    p:dataSource-ref="dataSource" 
	    p:mapperLocations="classpath:com/voice/redpacket/dao/*.xml">
	</bean>  
  
    <!-- spring与mybatis整合配置，扫描所有dao -->  
    <bean class="org.mybatis.spring.mapper.MapperScannerConfigurer" 
    	p:basePackage="com.voice.redpacket.dao" p:sqlSessionFactoryBeanName="sqlSessionFactory" />
  
    <!-- 对dataSource 数据源进行事务管理 -->  
    <bean id="transactionManager" class="org.springframework.jdbc.datasource.DataSourceTransactionManager" p:dataSource-ref="dataSource" />  
  
    <!-- 启用对事务注解的支持 -->  
    <tx:annotation-driven transaction-manager="transactionManager" />
    
    <!-- 下面使用aop切面的方式来实现 -->  
    <tx:advice id="serviceAdvice" transaction-manager="transactionManager">  
        <!--配置事务传播性，隔离级别以及超时回滚等问题 -->  
        <tx:attributes>  
            <tx:method name="add*" propagation="REQUIRED" />  
            <tx:method name="save*" propagation="REQUIRED" />  
            <tx:method name="del*" propagation="REQUIRED" />  
            <tx:method name="update*" propagation="REQUIRED" />  
            <tx:method name="*" rollback-for="Exception" />  
        </tx:attributes>  
    </tx:advice>  
    <aop:config>  
        <!--配置事务切点 -->  
        <aop:pointcut id="servicePoint" expression="execution(* com.voice.redpacket.service..*ServiceImpl.*(..)) || execution(* com.voice.redpacket.timer..*.*(..))" />
        <aop:advisor pointcut-ref="servicePoint" advice-ref="serviceAdvice" />  
    </aop:config>
    
    <!--线程池执行器-->  
	<bean id="taskExecutor" class="org.springframework.scheduling.concurrent.ThreadPoolTaskExecutor">  
	    <property name="corePoolSize" value="3"/>
	    <property name="maxPoolSize" value="10"/>
	    <property name="queueCapacity" value ="100" />
		<property name="rejectedExecutionHandler">
			<bean class="java.util.concurrent.ThreadPoolExecutor$CallerRunsPolicy" />
		</property>
	</bean>

	<task:scheduled-tasks>
		<task:scheduled ref="redPacketRefundTimer" method="task" cron="0 0/10 * * * ?" />
	</task:scheduled-tasks>

</beans>