<?xml version="1.0" encoding="UTF-8"?>
<beans xmlns="http://www.springframework.org/schema/beans"
	xmlns:xsi="http://www.w3.org/2001/XMLSchema-instance" xmlns:context="http://www.springframework.org/schema/context"
	xmlns:tx="http://www.springframework.org/schema/tx" xmlns:aop="http://www.springframework.org/schema/aop"
	xmlns:util="http://www.springframework.org/schema/util" xmlns:task="http://www.springframework.org/schema/task"
	xmlns:jdbc="http://www.springframework.org/schema/jdbc" xmlns:mvc="http://www.springframework.org/schema/mvc"
	xmlns:p="http://www.springframework.org/schema/p"
	xsi:schemaLocation="http://www.springframework.org/schema/beans http://www.springframework.org/schema/beans/spring-beans.xsd
		http://www.springframework.org/schema/context http://www.springframework.org/schema/context/spring-context.xsd
		http://www.springframework.org/schema/tx http://www.springframework.org/schema/tx/spring-tx.xsd
		http://www.springframework.org/schema/aop http://www.springframework.org/schema/aop/spring-aop.xsd
		http://www.springframework.org/schema/util http://www.springframework.org/schema/util/spring-util.xsd
		http://www.springframework.org/schema/task http://www.springframework.org/schema/task/spring-task.xsd
		http://www.springframework.org/schema/mvc http://www.springframework.org/schema/mvc/spring-mvc.xsd
		http://www.springframework.org/schema/jdbc http://www.springframework.org/schema/jdbc/spring-jdbc.xsd"
	default-autowire="byName">

    <!-- 启用spring mvc 注解 -->
    <context:annotation-config />

    <context:component-scan base-package="com.voice.redpacket" use-default-filters="false">
		<context:include-filter type="annotation" expression="org.springframework.stereotype.Controller"/>
		<context:exclude-filter type="annotation" expression="org.springframework.stereotype.Service"/>
		<context:exclude-filter type="annotation" expression="org.springframework.stereotype.Repository"/>
	</context:component-scan>
	
	<!-- 配置使Spring采用CGLIB代理 -->
	<aop:aspectj-autoproxy proxy-target-class="true"/>

    <!-- 完成请求和注解POJO的映射 -->
    <bean class="org.springframework.web.servlet.mvc.annotation.AnnotationMethodHandlerAdapter" />
    
    <bean class="org.springframework.web.servlet.view.InternalResourceViewResolver">
    	<property name="prefix" value="/views/" />
		<property name="suffix" value=".jsp" />
    </bean>
    
    <mvc:annotation-driven>  
        <mvc:message-converters>  
        	<bean class="org.springframework.http.converter.StringHttpMessageConverter" />
            <bean class="org.springframework.http.converter.json.MappingJackson2HttpMessageConverter">
            	<property name="supportedMediaTypes">
            		<list>
		                <value>text/html;charset=UTF-8</value>
		                <value>application/json;charset=UTF-8</value>
		            </list>
            	</property>  
                <property name="objectMapper">
                	<bean class="com.fasterxml.jackson.databind.ObjectMapper">
                    <property name="dateFormat">
                        <bean class="java.text.SimpleDateFormat">
                        	<constructor-arg type="java.lang.String" value="yyyy-MM-dd HH:mm:ss" />
                        </bean>
                    </property>
                	</bean>
                </property>  
            </bean>  
        </mvc:message-converters>  
    </mvc:annotation-driven>  
    
    <bean id="multipartResolver" class="org.springframework.web.multipart.commons.CommonsMultipartResolver">   
    		<!-- 上传文件大小5M -->
          <property name="maxUploadSize" value="5242880"/>
          <property name="defaultEncoding" value="UTF-8"/>
          <property name="uploadTempDir" value="upload/tmp"/>
    </bean>
    
    <bean class="com.voice.redpacket.aop.CtrlAspect"/>

    
</beans>